{"ms-python.python":{"InterpreterSelectionTip":true,"EXPERIMENT_STORAGE_KEY":[{"name":"AlwaysDisplayTestExplorer - experiment","salt":"AlwaysDisplayTestExplorer","min":80,"max":100},{"name":"AlwaysDisplayTestExplorer - control","salt":"AlwaysDisplayTestExplorer","min":0,"max":20},{"name":"ShowPlayIcon - start","salt":"ShowPlayIcon","max":100,"min":0},{"name":"ShowExtensionSurveyPrompt - enabled","salt":"ShowExtensionSurveyPrompt","max":100,"min":80},{"name":"ShowExtensionSurveyPrompt - control","salt":"ShowExtensionSurveyPrompt","min":0,"max":20},{"name":"DebugAdapterFactory - control","salt":"DebugAdapterFactory","min":0,"max":0},{"name":"DebugAdapterFactory - experiment","salt":"DebugAdapterFactory","min":0,"max":100},{"name":"PtvsdWheels37 - control","salt":"DebugAdapterFactory","min":0,"max":0},{"name":"PtvsdWheels37 - experiment","salt":"DebugAdapterFactory","min":0,"max":100},{"name":"Reload - control","salt":"DebugAdapterFactory","min":0,"max":0},{"name":"Reload - experiment","salt":"DebugAdapterFactory","min":0,"max":0},{"name":"UseTerminalToGetActivatedEnvVars - experiment","salt":"UseTerminalToGetActivatedEnvVars","min":0,"max":0},{"name":"UseTerminalToGetActivatedEnvVars - control","salt":"UseTerminalToGetActivatedEnvVars","min":0,"max":100},{"name":"AA_testing - control","salt":"AA_testing","min":0,"max":10},{"name":"AA_testing - experiment","salt":"AA_testing","min":90,"max":100},{"name":"LocalZMQKernel - experiment","salt":"LocalZMQKernel","min":0,"max":100},{"name":"LocalZMQKernel - control","salt":"LocalZMQKernel","min":0,"max":0},{"name":"CollectLSRequestTiming - experiment","salt":"CollectLSRequestTiming","min":0,"max":10},{"name":"CollectLSRequestTiming - control","salt":"CollectLSRequestTiming","min":10,"max":100},{"name":"CollectNodeLSRequestTiming - experiment","salt":"CollectNodeLSRequestTiming","min":0,"max":100},{"name":"CollectNodeLSRequestTiming - control","salt":"CollectNodeLSRequestTiming","min":0,"max":0},{"name":"EnableIPyWidgets - experiment","salt":"EnableIPyWidgets","min":0,"max":100},{"name":"EnableIPyWidgets - control","salt":"EnableIPyWidgets","min":0,"max":0},{"name":"DeprecatePythonPath - experiment","salt":"DeprecatePythonPath","min":0,"max":20},{"name":"DeprecatePythonPath - control","salt":"DeprecatePythonPath","min":80,"max":100},{"name":"RunByLine - experiment","salt":"RunByLine","min":0,"max":40},{"name":"RunByLine - control","salt":"RunByLine","min":40,"max":100},{"name":"CustomEditorSupport - control","salt":"CustomEditorSupport","min":0,"max":100},{"name":"CustomEditorSupport - experiment","salt":"CustomEditorSupport","min":0,"max":0},{"name":"NativeNotebook - experiment","salt":"CustomEditorSupport","max":0,"min":0}],"workspaceFolderKeysForWhichTheCopyIsDone_Key":["/home/alan_silvarodriguessnd"],"VSCode.ABExp.FeatureData":{"features":["3491uorruq","account-aacf","config.editor.experimental.asyncTokenizationcf","config.python.analysis.autoFormatStringscf","config.python.analysis.disableSemanticOnNoPython","config.python.analysis.gotoDefinitionInStringLiteral","config.python.analysis.persistAllIndices","config.python.analysis.pylanceLspClientEnabledcf","config.python.createEnvironment.contentButton","gettingStarted.overrideCategory.ms-python.python.pythonWelcome.when","gettingStarted.overrideCategory.ms-python.python.pythonWelcome2.when","livesharecontinuousaacf","mindaroBinariesVersion","mindaroBinariesVersion-1.0.20210702","mindaroBinariesVersion-1.0.20210723","portForwardingServiceEnabled-development","portForwardingServiceEnabled-production","portForwardingServiceEnabled-staging","pylanceRenameFile","pythonPromptNewFormatterExt","pythonPromptNewToolsExt","PythonPyTorchProfiler","pythonTensorboardExperiment","pythonTestAdapter","RemoveKernelToolbarInInteractiveWindowcf","reusableLinks","shouldUseGrpcService","test11-04-2020","testing-appver4cf"],"assignmentContext":"vsliv368cf:30146710;vsreu685:30147344;python383cf:30185419;vspor879:30202332;vspor708:30202333;vspor363:30204092;vstes627:30244334;pythontb:30283811;pythonptprofiler:30281270;vstes263cf:30335440;binariesv615:30325510;bridge0708:30335490;bridge0723:30353136;vsaa593cf:30376535;pythonvs932:30410667;py29gd2263:30792226;vs3491uorruq:30493474;c4g48928:30535728;pynewext54:30695312;pythonfmttext:30731395;pythoncmvfstrcf:30756944;pythongtdpath:30769146;gsofb:30804716;pythonnosmt12:30797651;pythonidxpt:30805730;pythonnoceb:30805159;synctok:30815622;","configs":[{"Id":"vscode","Parameters":{"3491uorruq":true,"account-aa":false,"config.editor.experimental.asyncTokenization":false,"config.python.analysis.autoFormatStrings":false,"config.python.analysis.disableSemanticOnNoPython":true,"config.python.analysis.gotoDefinitionInStringLiteral":true,"config.python.analysis.persistAllIndices":true,"config.python.analysis.pylanceLspClientEnabled":false,"config.python.createEnvironment.contentButton":"hide","gettingStarted.overrideCategory.ms-python.python.pythonWelcome.when":"workspacePlatform != webworker","gettingStarted.overrideCategory.ms-python.python.pythonWelcome2.when":"false","livesharecontinuousaa":false,"mindaroBinariesVersion":"1.0.20210615.1","mindaroBinariesVersion-1.0.20210702":"1.0.20210708.15","mindaroBinariesVersion-1.0.20210723":"1.0.20210723.6","portForwardingServiceEnabled-development":true,"portForwardingServiceEnabled-production":true,"portForwardingServiceEnabled-staging":true,"pylanceRenameFile":true,"pythonPromptNewFormatterExt":true,"pythonPromptNewToolsExt":true,"PythonPyTorchProfiler":true,"pythonTensorboardExperiment":true,"pythonTestAdapter":true,"RemoveKernelToolbarInInteractiveWindow":false,"reusableLinks":true,"shouldUseGrpcService":true,"test11-04-2020":true,"testing-appver4":false}}]},"/usr/bin/python.interpreter.Details.v7":{"data":{"fileHash":"f2f48dc254662777e82bbe5bb48351fca2e6d864ce7b51978f0a88cbd11ad25a5ec520077ee6b0aede668e602d65cb08494befe04690f8ce081e8fc89494f07f","info":{"architecture":3,"path":"/usr/bin/python","version":{"options":{"loose":false,"includePrerelease":false},"loose":false,"raw":"3.9.2-final","major":3,"minor":9,"patch":2,"prerelease":["final"],"build":[],"version":"3.9.2-final"},"sysVersion":"3.9.2 (default, Feb 28 2021, 17:03:44) \n[GCC 10.2.1 20210110]","sysPrefix":"/usr","fileHash":"f2f48dc254662777e82bbe5bb48351fca2e6d864ce7b51978f0a88cbd11ad25a5ec520077ee6b0aede668e602d65cb08494befe04690f8ce081e8fc89494f07f","envType":"Unknown","displayName":"Python 3.9.2 64-bit"}},"expiry":1692536309123},"INTERPRETERS_CACHE_v3_CondaEnvService":[],"/usr/bin/python.v3":{"data":{"architecture":3,"path":"/usr/bin/python","version":{"options":{"loose":false,"includePrerelease":false},"loose":false,"raw":"3.9.2-final","major":3,"minor":9,"patch":2,"prerelease":["final"],"build":[],"version":"3.9.2-final"},"sysVersion":"3.9.2 (default, Feb 28 2021, 17:03:44) \n[GCC 10.2.1 20210110]","sysPrefix":"/usr","fileHash":"f2f48dc254662777e82bbe5bb48351fca2e6d864ce7b51978f0a88cbd11ad25a5ec520077ee6b0aede668e602d65cb08494befe04690f8ce081e8fc89494f07f"},"expiry":1692535992359},"INTERPRETERS_CACHE_v3_CondaEnvFileService":[],"/usr/bin/python2.v3":{"data":{"architecture":3,"path":"/usr/bin/python2","version":{"options":{"loose":false,"includePrerelease":false},"loose":false,"raw":"2.7.18-final","major":2,"minor":7,"patch":18,"prerelease":["final"],"build":[],"version":"2.7.18-final"},"sysVersion":"2.7.18 (default, Jul 14 2021, 08:11:37) \n[GCC 10.2.1 20210110]","sysPrefix":"/usr","fileHash":"f2f9c35d336dff2c935575f083b91b1dabef05219038abec515a06d8163326cc98b36da58f5e7c697f663f161a4e2f4ad17a9312481278b93657d189dc53396c"},"expiry":1692535995481},"/usr/bin/python3.v3":{"data":{"architecture":3,"path":"/usr/bin/python3","version":{"options":{"loose":false,"includePrerelease":false},"loose":false,"raw":"3.9.2-final","major":3,"minor":9,"patch":2,"prerelease":["final"],"build":[],"version":"3.9.2-final"},"sysVersion":"3.9.2 (default, Feb 28 2021, 17:03:44) \n[GCC 10.2.1 20210110]","sysPrefix":"/usr","fileHash":"e9362134b5d3936c226c97556b3af2fad765643838e316309466924cc023d96d3875068be349a53d7118a6819669418aa20e6809f3c96ddd139dde6fe1884617"},"expiry":1692535995505},"INTERPRETERS_CACHE_v3_CurrentPathService":[{"architecture":3,"path":"/usr/bin/python3","version":{"options":{"loose":false,"includePrerelease":false},"loose":false,"raw":"3.9.2-final","major":3,"minor":9,"patch":2,"prerelease":["final"],"build":[],"version":"3.9.2-final"},"sysVersion":"3.9.2 (default, Feb 28 2021, 17:03:44) \n[GCC 10.2.1 20210110]","sysPrefix":"/usr","fileHash":"e9362134b5d3936c226c97556b3af2fad765643838e316309466924cc023d96d3875068be349a53d7118a6819669418aa20e6809f3c96ddd139dde6fe1884617","envType":"Unknown"},{"architecture":3,"path":"/usr/bin/python2","version":{"options":{"loose":false,"includePrerelease":false},"loose":false,"raw":"2.7.18-final","major":2,"minor":7,"patch":18,"prerelease":["final"],"build":[],"version":"2.7.18-final"},"sysVersion":"2.7.18 (default, Jul 14 2021, 08:11:37) \n[GCC 10.2.1 20210110]","sysPrefix":"/usr","fileHash":"f2f9c35d336dff2c935575f083b91b1dabef05219038abec515a06d8163326cc98b36da58f5e7c697f663f161a4e2f4ad17a9312481278b93657d189dc53396c","envType":"Unknown"},{"architecture":3,"path":"/usr/bin/python","version":{"options":{"loose":false,"includePrerelease":false},"loose":false,"raw":"3.9.2-final","major":3,"minor":9,"patch":2,"prerelease":["final"],"build":[],"version":"3.9.2-final"},"sysVersion":"3.9.2 (default, Feb 28 2021, 17:03:44) \n[GCC 10.2.1 20210110]","sysPrefix":"/usr","fileHash":"f2f48dc254662777e82bbe5bb48351fca2e6d864ce7b51978f0a88cbd11ad25a5ec520077ee6b0aede668e602d65cb08494befe04690f8ce081e8fc89494f07f","envType":"Unknown"},{"architecture":3,"path":"/usr/bin/python","version":{"options":{"loose":false,"includePrerelease":false},"loose":false,"raw":"3.9.2-final","major":3,"minor":9,"patch":2,"prerelease":["final"],"build":[],"version":"3.9.2-final"},"sysVersion":"3.9.2 (default, Feb 28 2021, 17:03:44) \n[GCC 10.2.1 20210110]","sysPrefix":"/usr","fileHash":"f2f48dc254662777e82bbe5bb48351fca2e6d864ce7b51978f0a88cbd11ad25a5ec520077ee6b0aede668e602d65cb08494befe04690f8ce081e8fc89494f07f","envType":"Unknown"}],"INTERPRETERS_CACHE_v3_VirtualEnvService":[],"isGlobalSettingCopiedKey":true,"/bin/python2.7.v3":{"data":{"architecture":3,"path":"/bin/python2.7","version":{"options":{"loose":false,"includePrerelease":false},"loose":false,"raw":"2.7.18-final","major":2,"minor":7,"patch":18,"prerelease":["final"],"build":[],"version":"2.7.18-final"},"sysVersion":"2.7.18 (default, Jul 14 2021, 08:11:37) \n[GCC 10.2.1 20210110]","sysPrefix":"/usr","fileHash":"4e2f3cb1f178aad980ac7e4717c4660b68646d8dfd3b8f4f2f732e16070a975d4cd1081ecdd9eceefd2d1cff0a2724751edb8c3edd7ff92abe99d919faec01f6"},"expiry":1692536001246},"/bin/python2.v3":{"data":{"architecture":3,"path":"/bin/python2","version":{"options":{"loose":false,"includePrerelease":false},"loose":false,"raw":"2.7.18-final","major":2,"minor":7,"patch":18,"prerelease":["final"],"build":[],"version":"2.7.18-final"},"sysVersion":"2.7.18 (default, Jul 14 2021, 08:11:37) \n[GCC 10.2.1 20210110]","sysPrefix":"/usr","fileHash":"f2f9c35d336dff2c935575f083b91b1dabef05219038abec515a06d8163326cc98b36da58f5e7c697f663f161a4e2f4ad17a9312481278b93657d189dc53396c"},"expiry":1692536001248},"/bin/python.v3":{"data":{"architecture":3,"path":"/bin/python","version":{"options":{"loose":false,"includePrerelease":false},"loose":false,"raw":"3.9.2-final","major":3,"minor":9,"patch":2,"prerelease":["final"],"build":[],"version":"3.9.2-final"},"sysVersion":"3.9.2 (default, Feb 28 2021, 17:03:44) \n[GCC 10.2.1 20210110]","sysPrefix":"/usr","fileHash":"f2f48dc254662777e82bbe5bb48351fca2e6d864ce7b51978f0a88cbd11ad25a5ec520077ee6b0aede668e602d65cb08494befe04690f8ce081e8fc89494f07f"},"expiry":1692536001249},"/usr/bin/python3.9.v3":{"data":{"architecture":3,"path":"/usr/bin/python3.9","version":{"options":{"loose":false,"includePrerelease":false},"loose":false,"raw":"3.9.2-final","major":3,"minor":9,"patch":2,"prerelease":["final"],"build":[],"version":"3.9.2-final"},"sysVersion":"3.9.2 (default, Feb 28 2021, 17:03:44) \n[GCC 10.2.1 20210110]","sysPrefix":"/usr","fileHash":"360384601cbe3013880096081bf55b399a25856dd2f511f6c1d702621015fcee6e399eac1fa73a1e55da674723e9e778df181896c99158c7a27cd0753b3a834d"},"expiry":1692536001249},"/usr/bin/python2.7.v3":{"data":{"architecture":3,"path":"/usr/bin/python2.7","version":{"options":{"loose":false,"includePrerelease":false},"loose":false,"raw":"2.7.18-final","major":2,"minor":7,"patch":18,"prerelease":["final"],"build":[],"version":"2.7.18-final"},"sysVersion":"2.7.18 (default, Jul 14 2021, 08:11:37) \n[GCC 10.2.1 20210110]","sysPrefix":"/usr","fileHash":"4e2f3cb1f178aad980ac7e4717c4660b68646d8dfd3b8f4f2f732e16070a975d4cd1081ecdd9eceefd2d1cff0a2724751edb8c3edd7ff92abe99d919faec01f6"},"expiry":1692536001250},"/bin/python3.9.v3":{"data":{"architecture":3,"path":"/bin/python3.9","version":{"options":{"loose":false,"includePrerelease":false},"loose":false,"raw":"3.9.2-final","major":3,"minor":9,"patch":2,"prerelease":["final"],"build":[],"version":"3.9.2-final"},"sysVersion":"3.9.2 (default, Feb 28 2021, 17:03:44) \n[GCC 10.2.1 20210110]","sysPrefix":"/usr","fileHash":"360384601cbe3013880096081bf55b399a25856dd2f511f6c1d702621015fcee6e399eac1fa73a1e55da674723e9e778df181896c99158c7a27cd0753b3a834d"},"expiry":1692536001287},"/bin/python3.v3":{"data":{"architecture":3,"path":"/bin/python3","version":{"options":{"loose":false,"includePrerelease":false},"loose":false,"raw":"3.9.2-final","major":3,"minor":9,"patch":2,"prerelease":["final"],"build":[],"version":"3.9.2-final"},"sysVersion":"3.9.2 (default, Feb 28 2021, 17:03:44) \n[GCC 10.2.1 20210110]","sysPrefix":"/usr","fileHash":"e9362134b5d3936c226c97556b3af2fad765643838e316309466924cc023d96d3875068be349a53d7118a6819669418aa20e6809f3c96ddd139dde6fe1884617"},"expiry":1692536001252},"InterpreterAutoSeletionRule-currentPath":{"architecture":3,"path":"/usr/bin/python","version":{"options":{"loose":false,"includePrerelease":false},"loose":false,"raw":"3.9.2-final","major":3,"minor":9,"patch":2,"prerelease":["final"],"build":[],"version":"3.9.2-final"},"sysVersion":"3.9.2 (default, Feb 28 2021, 17:03:44) \n[GCC 10.2.1 20210110]","sysPrefix":"/usr","fileHash":"f2f48dc254662777e82bbe5bb48351fca2e6d864ce7b51978f0a88cbd11ad25a5ec520077ee6b0aede668e602d65cb08494befe04690f8ce081e8fc89494f07f","envType":"Unknown"},"INTERPRETERS_CACHE_v3_KnownPathsService":[{"architecture":3,"path":"/usr/bin/python","version":{"options":{"loose":false,"includePrerelease":false},"loose":false,"raw":"3.9.2-final","major":3,"minor":9,"patch":2,"prerelease":["final"],"build":[],"version":"3.9.2-final"},"sysVersion":"3.9.2 (default, Feb 28 2021, 17:03:44) \n[GCC 10.2.1 20210110]","sysPrefix":"/usr","fileHash":"f2f48dc254662777e82bbe5bb48351fca2e6d864ce7b51978f0a88cbd11ad25a5ec520077ee6b0aede668e602d65cb08494befe04690f8ce081e8fc89494f07f","envType":"Unknown"},{"architecture":3,"path":"/usr/bin/python2","version":{"options":{"loose":false,"includePrerelease":false},"loose":false,"raw":"2.7.18-final","major":2,"minor":7,"patch":18,"prerelease":["final"],"build":[],"version":"2.7.18-final"},"sysVersion":"2.7.18 (default, Jul 14 2021, 08:11:37) \n[GCC 10.2.1 20210110]","sysPrefix":"/usr","fileHash":"f2f9c35d336dff2c935575f083b91b1dabef05219038abec515a06d8163326cc98b36da58f5e7c697f663f161a4e2f4ad17a9312481278b93657d189dc53396c","envType":"Unknown"},{"architecture":3,"path":"/usr/bin/python2.7","version":{"options":{"loose":false,"includePrerelease":false},"loose":false,"raw":"2.7.18-final","major":2,"minor":7,"patch":18,"prerelease":["final"],"build":[],"version":"2.7.18-final"},"sysVersion":"2.7.18 (default, Jul 14 2021, 08:11:37) \n[GCC 10.2.1 20210110]","sysPrefix":"/usr","fileHash":"4e2f3cb1f178aad980ac7e4717c4660b68646d8dfd3b8f4f2f732e16070a975d4cd1081ecdd9eceefd2d1cff0a2724751edb8c3edd7ff92abe99d919faec01f6","envType":"Unknown"},{"architecture":3,"path":"/usr/bin/python3","version":{"options":{"loose":false,"includePrerelease":false},"loose":false,"raw":"3.9.2-final","major":3,"minor":9,"patch":2,"prerelease":["final"],"build":[],"version":"3.9.2-final"},"sysVersion":"3.9.2 (default, Feb 28 2021, 17:03:44) \n[GCC 10.2.1 20210110]","sysPrefix":"/usr","fileHash":"e9362134b5d3936c226c97556b3af2fad765643838e316309466924cc023d96d3875068be349a53d7118a6819669418aa20e6809f3c96ddd139dde6fe1884617","envType":"Unknown"},{"architecture":3,"path":"/usr/bin/python3.9","version":{"options":{"loose":false,"includePrerelease":false},"loose":false,"raw":"3.9.2-final","major":3,"minor":9,"patch":2,"prerelease":["final"],"build":[],"version":"3.9.2-final"},"sysVersion":"3.9.2 (default, Feb 28 2021, 17:03:44) \n[GCC 10.2.1 20210110]","sysPrefix":"/usr","fileHash":"360384601cbe3013880096081bf55b399a25856dd2f511f6c1d702621015fcee6e399eac1fa73a1e55da674723e9e778df181896c99158c7a27cd0753b3a834d","envType":"Unknown"},{"architecture":3,"path":"/bin/python","version":{"options":{"loose":false,"includePrerelease":false},"loose":false,"raw":"3.9.2-final","major":3,"minor":9,"patch":2,"prerelease":["final"],"build":[],"version":"3.9.2-final"},"sysVersion":"3.9.2 (default, Feb 28 2021, 17:03:44) \n[GCC 10.2.1 20210110]","sysPrefix":"/usr","fileHash":"f2f48dc254662777e82bbe5bb48351fca2e6d864ce7b51978f0a88cbd11ad25a5ec520077ee6b0aede668e602d65cb08494befe04690f8ce081e8fc89494f07f","envType":"Unknown"},{"architecture":3,"path":"/bin/python2","version":{"options":{"loose":false,"includePrerelease":false},"loose":false,"raw":"2.7.18-final","major":2,"minor":7,"patch":18,"prerelease":["final"],"build":[],"version":"2.7.18-final"},"sysVersion":"2.7.18 (default, Jul 14 2021, 08:11:37) \n[GCC 10.2.1 20210110]","sysPrefix":"/usr","fileHash":"f2f9c35d336dff2c935575f083b91b1dabef05219038abec515a06d8163326cc98b36da58f5e7c697f663f161a4e2f4ad17a9312481278b93657d189dc53396c","envType":"Unknown"},{"architecture":3,"path":"/bin/python2.7","version":{"options":{"loose":false,"includePrerelease":false},"loose":false,"raw":"2.7.18-final","major":2,"minor":7,"patch":18,"prerelease":["final"],"build":[],"version":"2.7.18-final"},"sysVersion":"2.7.18 (default, Jul 14 2021, 08:11:37) \n[GCC 10.2.1 20210110]","sysPrefix":"/usr","fileHash":"4e2f3cb1f178aad980ac7e4717c4660b68646d8dfd3b8f4f2f732e16070a975d4cd1081ecdd9eceefd2d1cff0a2724751edb8c3edd7ff92abe99d919faec01f6","envType":"Unknown"},{"architecture":3,"path":"/bin/python3","version":{"options":{"loose":false,"includePrerelease":false},"loose":false,"raw":"3.9.2-final","major":3,"minor":9,"patch":2,"prerelease":["final"],"build":[],"version":"3.9.2-final"},"sysVersion":"3.9.2 (default, Feb 28 2021, 17:03:44) \n[GCC 10.2.1 20210110]","sysPrefix":"/usr","fileHash":"e9362134b5d3936c226c97556b3af2fad765643838e316309466924cc023d96d3875068be349a53d7118a6819669418aa20e6809f3c96ddd139dde6fe1884617","envType":"Unknown"},{"architecture":3,"path":"/bin/python3.9","version":{"options":{"loose":false,"includePrerelease":false},"loose":false,"raw":"3.9.2-final","major":3,"minor":9,"patch":2,"prerelease":["final"],"build":[],"version":"3.9.2-final"},"sysVersion":"3.9.2 (default, Feb 28 2021, 17:03:44) \n[GCC 10.2.1 20210110]","sysPrefix":"/usr","fileHash":"360384601cbe3013880096081bf55b399a25856dd2f511f6c1d702621015fcee6e399eac1fa73a1e55da674723e9e778df181896c99158c7a27cd0753b3a834d","envType":"Unknown"},{"architecture":3,"path":"/usr/bin/python","version":{"options":{"loose":false,"includePrerelease":false},"loose":false,"raw":"3.9.2-final","major":3,"minor":9,"patch":2,"prerelease":["final"],"build":[],"version":"3.9.2-final"},"sysVersion":"3.9.2 (default, Feb 28 2021, 17:03:44) \n[GCC 10.2.1 20210110]","sysPrefix":"/usr","fileHash":"f2f48dc254662777e82bbe5bb48351fca2e6d864ce7b51978f0a88cbd11ad25a5ec520077ee6b0aede668e602d65cb08494befe04690f8ce081e8fc89494f07f","envType":"Unknown"},{"architecture":3,"path":"/usr/bin/python2","version":{"options":{"loose":false,"includePrerelease":false},"loose":false,"raw":"2.7.18-final","major":2,"minor":7,"patch":18,"prerelease":["final"],"build":[],"version":"2.7.18-final"},"sysVersion":"2.7.18 (default, Jul 14 2021, 08:11:37) \n[GCC 10.2.1 20210110]","sysPrefix":"/usr","fileHash":"f2f9c35d336dff2c935575f083b91b1dabef05219038abec515a06d8163326cc98b36da58f5e7c697f663f161a4e2f4ad17a9312481278b93657d189dc53396c","envType":"Unknown"},{"architecture":3,"path":"/usr/bin/python2.7","version":{"options":{"loose":false,"includePrerelease":false},"loose":false,"raw":"2.7.18-final","major":2,"minor":7,"patch":18,"prerelease":["final"],"build":[],"version":"2.7.18-final"},"sysVersion":"2.7.18 (default, Jul 14 2021, 08:11:37) \n[GCC 10.2.1 20210110]","sysPrefix":"/usr","fileHash":"4e2f3cb1f178aad980ac7e4717c4660b68646d8dfd3b8f4f2f732e16070a975d4cd1081ecdd9eceefd2d1cff0a2724751edb8c3edd7ff92abe99d919faec01f6","envType":"Unknown"},{"architecture":3,"path":"/usr/bin/python3","version":{"options":{"loose":false,"includePrerelease":false},"loose":false,"raw":"3.9.2-final","major":3,"minor":9,"patch":2,"prerelease":["final"],"build":[],"version":"3.9.2-final"},"sysVersion":"3.9.2 (default, Feb 28 2021, 17:03:44) \n[GCC 10.2.1 20210110]","sysPrefix":"/usr","fileHash":"e9362134b5d3936c226c97556b3af2fad765643838e316309466924cc023d96d3875068be349a53d7118a6819669418aa20e6809f3c96ddd139dde6fe1884617","envType":"Unknown"},{"architecture":3,"path":"/usr/bin/python3.9","version":{"options":{"loose":false,"includePrerelease":false},"loose":false,"raw":"3.9.2-final","major":3,"minor":9,"patch":2,"prerelease":["final"],"build":[],"version":"3.9.2-final"},"sysVersion":"3.9.2 (default, Feb 28 2021, 17:03:44) \n[GCC 10.2.1 20210110]","sysPrefix":"/usr","fileHash":"360384601cbe3013880096081bf55b399a25856dd2f511f6c1d702621015fcee6e399eac1fa73a1e55da674723e9e778df181896c99158c7a27cd0753b3a834d","envType":"Unknown"},{"architecture":3,"path":"/bin/python","version":{"options":{"loose":false,"includePrerelease":false},"loose":false,"raw":"3.9.2-final","major":3,"minor":9,"patch":2,"prerelease":["final"],"build":[],"version":"3.9.2-final"},"sysVersion":"3.9.2 (default, Feb 28 2021, 17:03:44) \n[GCC 10.2.1 20210110]","sysPrefix":"/usr","fileHash":"f2f48dc254662777e82bbe5bb48351fca2e6d864ce7b51978f0a88cbd11ad25a5ec520077ee6b0aede668e602d65cb08494befe04690f8ce081e8fc89494f07f","envType":"Unknown"},{"architecture":3,"path":"/bin/python2","version":{"options":{"loose":false,"includePrerelease":false},"loose":false,"raw":"2.7.18-final","major":2,"minor":7,"patch":18,"prerelease":["final"],"build":[],"version":"2.7.18-final"},"sysVersion":"2.7.18 (default, Jul 14 2021, 08:11:37) \n[GCC 10.2.1 20210110]","sysPrefix":"/usr","fileHash":"f2f9c35d336dff2c935575f083b91b1dabef05219038abec515a06d8163326cc98b36da58f5e7c697f663f161a4e2f4ad17a9312481278b93657d189dc53396c","envType":"Unknown"},{"architecture":3,"path":"/bin/python2.7","version":{"options":{"loose":false,"includePrerelease":false},"loose":false,"raw":"2.7.18-final","major":2,"minor":7,"patch":18,"prerelease":["final"],"build":[],"version":"2.7.18-final"},"sysVersion":"2.7.18 (default, Jul 14 2021, 08:11:37) \n[GCC 10.2.1 20210110]","sysPrefix":"/usr","fileHash":"4e2f3cb1f178aad980ac7e4717c4660b68646d8dfd3b8f4f2f732e16070a975d4cd1081ecdd9eceefd2d1cff0a2724751edb8c3edd7ff92abe99d919faec01f6","envType":"Unknown"},{"architecture":3,"path":"/bin/python3","version":{"options":{"loose":false,"includePrerelease":false},"loose":false,"raw":"3.9.2-final","major":3,"minor":9,"patch":2,"prerelease":["final"],"build":[],"version":"3.9.2-final"},"sysVersion":"3.9.2 (default, Feb 28 2021, 17:03:44) \n[GCC 10.2.1 20210110]","sysPrefix":"/usr","fileHash":"e9362134b5d3936c226c97556b3af2fad765643838e316309466924cc023d96d3875068be349a53d7118a6819669418aa20e6809f3c96ddd139dde6fe1884617","envType":"Unknown"},{"architecture":3,"path":"/bin/python3.9","version":{"options":{"loose":false,"includePrerelease":false},"loose":false,"raw":"3.9.2-final","major":3,"minor":9,"patch":2,"prerelease":["final"],"build":[],"version":"3.9.2-final"},"sysVersion":"3.9.2 (default, Feb 28 2021, 17:03:44) \n[GCC 10.2.1 20210110]","sysPrefix":"/usr","fileHash":"360384601cbe3013880096081bf55b399a25856dd2f511f6c1d702621015fcee6e399eac1fa73a1e55da674723e9e778df181896c99158c7a27cd0753b3a834d","envType":"Unknown"}],"preferredGlobalPyInterpreter":{"architecture":3,"path":"/usr/bin/python","version":{"options":{"loose":false,"includePrerelease":false},"loose":false,"raw":"3.9.2-final","major":3,"minor":9,"patch":2,"prerelease":["final"],"build":[],"version":"3.9.2-final"},"sysVersion":"3.9.2 (default, Feb 28 2021, 17:03:44) \n[GCC 10.2.1 20210110]","sysPrefix":"/usr","fileHash":"f2f48dc254662777e82bbe5bb48351fca2e6d864ce7b51978f0a88cbd11ad25a5ec520077ee6b0aede668e602d65cb08494befe04690f8ce081e8fc89494f07f","envType":"Unknown"},"PipEnvInformation":[],"InterpreterAutoSeletionRule-cachedInterpreters":{"architecture":3,"path":"/usr/bin/python","version":{"options":{"loose":false,"includePrerelease":false},"loose":false,"raw":"3.9.2-final","major":3,"minor":9,"patch":2,"prerelease":["final"],"build":[],"version":"3.9.2-final"},"sysVersion":"3.9.2 (default, Feb 28 2021, 17:03:44) \n[GCC 10.2.1 20210110]","sysPrefix":"/usr","fileHash":"f2f48dc254662777e82bbe5bb48351fca2e6d864ce7b51978f0a88cbd11ad25a5ec520077ee6b0aede668e602d65cb08494befe04690f8ce081e8fc89494f07f","envType":"Unknown"},"safeInterpretersKey":["/usr/bin/python"],"/usr/bin/python.interpreter.displayName.v7":{"data":{"displayName":"Python 3.9.2 64-bit","hash":"f2f48dc254662777e82bbe5bb48351fca2e6d864ce7b51978f0a88cbd11ad25a5ec520077ee6b0aede668e602d65cb08494befe04690f8ce081e8fc89494f07f-c4dae0e2cd4200a8f3b8390244c053c7"},"expiry":1692536003494},"/usr/bin/python2.interpreter.displayName.v7":{"data":{"displayName":"Python 2.7.18 64-bit","hash":"f2f9c35d336dff2c935575f083b91b1dabef05219038abec515a06d8163326cc98b36da58f5e7c697f663f161a4e2f4ad17a9312481278b93657d189dc53396c-d14242733e51a1dd0ee23c1fd31c95c6"},"expiry":1692536003498},"/bin/python.interpreter.displayName.v7":{"data":{"displayName":"Python 3.9.2 64-bit","hash":"f2f48dc254662777e82bbe5bb48351fca2e6d864ce7b51978f0a88cbd11ad25a5ec520077ee6b0aede668e602d65cb08494befe04690f8ce081e8fc89494f07f-f88ff5d7d6c5bc3d93bdb09abddfc843"},"expiry":1692536003499},"/bin/python2.interpreter.displayName.v7":{"data":{"displayName":"Python 2.7.18 64-bit","hash":"f2f9c35d336dff2c935575f083b91b1dabef05219038abec515a06d8163326cc98b36da58f5e7c697f663f161a4e2f4ad17a9312481278b93657d189dc53396c-46ca3fc18115e5444579a674d4c6a326"},"expiry":1692536003500},"/usr/bin/python2.interpreter.Details.v7":{"data":{"fileHash":"f2f9c35d336dff2c935575f083b91b1dabef05219038abec515a06d8163326cc98b36da58f5e7c697f663f161a4e2f4ad17a9312481278b93657d189dc53396c","info":{"architecture":3,"path":"/usr/bin/python2","version":{"options":{"loose":false,"includePrerelease":false},"loose":false,"raw":"2.7.18-final","major":2,"minor":7,"patch":18,"prerelease":["final"],"build":[],"version":"2.7.18-final"},"sysVersion":"2.7.18 (default, Jul 14 2021, 08:11:37) \n[GCC 10.2.1 20210110]","sysPrefix":"/usr","fileHash":"f2f9c35d336dff2c935575f083b91b1dabef05219038abec515a06d8163326cc98b36da58f5e7c697f663f161a4e2f4ad17a9312481278b93657d189dc53396c","envType":"Unknown","displayName":"Python 2.7.18 64-bit"}},"expiry":1692536004281},"/bin/python.interpreter.Details.v7":{"data":{"fileHash":"f2f48dc254662777e82bbe5bb48351fca2e6d864ce7b51978f0a88cbd11ad25a5ec520077ee6b0aede668e602d65cb08494befe04690f8ce081e8fc89494f07f","info":{"architecture":3,"path":"/bin/python","version":{"options":{"loose":false,"includePrerelease":false},"loose":false,"raw":"3.9.2-final","major":3,"minor":9,"patch":2,"prerelease":["final"],"build":[],"version":"3.9.2-final"},"sysVersion":"3.9.2 (default, Feb 28 2021, 17:03:44) \n[GCC 10.2.1 20210110]","sysPrefix":"/usr","fileHash":"f2f48dc254662777e82bbe5bb48351fca2e6d864ce7b51978f0a88cbd11ad25a5ec520077ee6b0aede668e602d65cb08494befe04690f8ce081e8fc89494f07f","envType":"Unknown","displayName":"Python 3.9.2 64-bit"}},"expiry":1692536004312},"/bin/python2.interpreter.Details.v7":{"data":{"fileHash":"f2f9c35d336dff2c935575f083b91b1dabef05219038abec515a06d8163326cc98b36da58f5e7c697f663f161a4e2f4ad17a9312481278b93657d189dc53396c","info":{"architecture":3,"path":"/bin/python2","version":{"options":{"loose":false,"includePrerelease":false},"loose":false,"raw":"2.7.18-final","major":2,"minor":7,"patch":18,"prerelease":["final"],"build":[],"version":"2.7.18-final"},"sysVersion":"2.7.18 (default, Jul 14 2021, 08:11:37) \n[GCC 10.2.1 20210110]","sysPrefix":"/usr","fileHash":"f2f9c35d336dff2c935575f083b91b1dabef05219038abec515a06d8163326cc98b36da58f5e7c697f663f161a4e2f4ad17a9312481278b93657d189dc53396c","envType":"Unknown","displayName":"Python 2.7.18 64-bit"}},"expiry":1692536004321},"InterpreterAutoSeletionRule-system":{"architecture":3,"path":"/bin/python","version":{"options":{"loose":false,"includePrerelease":false},"loose":false,"raw":"3.9.2-final","major":3,"minor":9,"patch":2,"prerelease":["final"],"build":[],"version":"3.9.2-final"},"sysVersion":"3.9.2 (default, Feb 28 2021, 17:03:44) \n[GCC 10.2.1 20210110]","sysPrefix":"/usr","fileHash":"f2f48dc254662777e82bbe5bb48351fca2e6d864ce7b51978f0a88cbd11ad25a5ec520077ee6b0aede668e602d65cb08494befe04690f8ce081e8fc89494f07f","envType":"Unknown","displayName":"Python 3.9.2 64-bit"},"SWITCH_LS":"Jedi"},"googlecloudtools.cloudcode":{"cloudcode.session-index":{"dateStr":"20230819","counter":3}}}
