{"ms-python.python":{"INTERPRETERS_CACHE_v3_WorkspaceVirtualEnvService:b27eb61eff2b9ed07091b7a20de0645b":[],"INTERPRETERS_CACHE_v3_WorkspaceVirtualEnvService":[],"autoSelectedWorkspacePythonInterpreter-/home/alan_silvarodriguessnd":{"architecture":3,"path":"/usr/bin/python","version":{"options":{"loose":false,"includePrerelease":false},"loose":false,"raw":"3.9.2-final","major":3,"minor":9,"patch":2,"prerelease":["final"],"build":[],"version":"3.9.2-final"},"sysVersion":"3.9.2 (default, Feb 28 2021, 17:03:44) \n[GCC 10.2.1 20210110]","sysPrefix":"/usr","fileHash":"f2f48dc254662777e82bbe5bb48351fca2e6d864ce7b51978f0a88cbd11ad25a5ec520077ee6b0aede668e602d65cb08494befe04690f8ce081e8fc89494f07f","envType":"Unknown"}}}
